iteration,cumulative_aero_time_s,wake_time_s,tip_u1_A_m,tip_u2_A_m,tip_u3_A_m,tip_OOP_m,tip_IP_m,tip_twist_deg,geometry_residual,load_residual,wake_force_residual,wake_circulation_residual,wake_converged
1.0,0.050349090909090906,0.050349090909090906,0.0,0.0,0.0,0.0,-0.0,0.0,Inf,1.0,6.805050715780651e-5,9.424810957883923e-5,1.0
2.0,0.10069818181818181,0.050349090909090906,0.0201350040019973,2.0085702084381133e-5,-0.00042215446314071436,-0.0201350040019973,-2.0085702084381133e-5,0.19356391532343944,0.2050792293131244,0.7138377129149089,6.949531586024213e-5,9.613983085330037e-5,1.0
3.0,0.15104727272727272,0.050349090909090906,0.03571642784946737,6.270643187645793e-5,-0.001330008975733126,-0.03571642784946737,-6.270643187645793e-5,0.3416199958699685,0.15868671535198442,0.5211679423389809,6.969994476917146e-5,9.612070771940105e-5,1.0
4.0,0.20139636363636362,0.050349090909090906,0.04772816561710445,0.00011110446104044616,-0.002378285632407791,-0.04772816561710445,-0.00011110446104044616,0.45448154529181034,0.1223219490793938,0.3848313424459496,6.970243423213082e-5,9.58221099324666e-5,1.0
5.0,0.25174545454545455,0.050349090909090906,0.056964364275515184,0.00015719841496003687,-0.0033922472219965784,-0.056964364275515184,-0.00015719841496003687,0.5403639032280255,0.09405021170277342,0.2857963092660072,6.961591976440365e-5,9.539975056539651e-5,1.0
6.0,0.30209454545454545,0.050349090909090906,0.06405262873160893,0.0001976198093281257,-0.0042939544473137225,-0.06405262873160893,-0.0001976198093281257,0.6056539026986294,0.07217348583609064,0.21318143801161135,6.955728388466253e-5,9.50798864738634e-5,1.0
7.0,0.35244363636363635,0.050349090909090906,0.06948366912027729,0.00023144248449755964,-0.005057974786681409,-0.06948366912027729,-0.00023144248449755964,0.6552590120189604,0.055296210890050795,0.15964817738180928,6.952399827831886e-5,9.483777236798553e-5,1.0
8.0,0.40279272727272725,0.050349090909090906,0.073638947819099,0.00025892033561252496,-0.005685654304321684,-0.073638947819099,-0.00025892033561252496,0.6929294824165145,0.042304851004062075,0.11968097724097959,6.950540444936654e-5,9.465423030414645e-5,1.0
9.0,0.45314181818181815,0.050349090909090906,0.07681395700105062,0.00028080626148976857,-0.006190607974941803,-0.07681395700105062,-0.00028080626148976857,0.7215242866662062,0.03232328199599004,0.08978149122972691,6.949527898133765e-5,9.451501721436521e-5,1.0
10.0,0.5034909090909091,0.050349090909090906,0.07923701262538232,0.00029799904863175814,-0.006590825259506472,-0.07923701262538232,-0.00029799904863175814,0.7432206380778938,0.02466702277057097,0.06738492598974832,6.948998849282474e-5,9.440049254181066e-5,1.0
11.0,0.55384,0.050349090909090906,0.08108415098297511,0.0003113716847764866,-0.006904599058181401,-0.08108415098297511,-0.0003113716847764866,0.7596757036974489,0.018803459339168174,0.050617848189550174,6.94874179330858e-5,9.429144117517156e-5,1.0
12.0,0.6041890909090909,0.050349090909090906,0.08249083581884924,0.0003216976198178304,-0.007148614602631431,-0.08249083581884924,-0.0003216976198178304,0.7721503510473039,0.014319303561652837,0.038099365082692765,6.948634300689462e-5,9.420884676569157e-5,1.0
13.0,0.6545381818181818,0.050349090909090906,0.08356111821531938,0.00032962801107184797,-0.00733722063508316,-0.08356111821531938,-0.00032962801107184797,0.7816035491751328,0.010894611526126531,0.02868095435623116,6.948606133805903e-5,9.414628532164076e-5,1.0
14.0,0.7048872727272727,0.050349090909090906,0.08437478245906124,0.00033569394180151956,-0.007482316935224395,-0.08437478245906124,-0.00033569394180151956,0.7887643287519582,0.008282246632894062,0.021593486468844493,6.948617532593653e-5,9.409890117952089e-5,1.0
15.0,0.7552363636363636,0.050349090909090906,0.08499290668158187,0.0003403195264912241,-0.0075935372098979315,-0.08499290668158187,-0.0003403195264912241,0.7941866380338024,0.006291719354830646,0.016259221445913578,6.948646437565877e-5,9.406301799164914e-5,1.0
16.0,0.8055854545454545,0.050349090909090906,0.08546217920667927,0.00034383853641932536,-0.007678550603448669,-0.08546217920667927,-0.00034383853641932536,0.7982911655306989,0.004776505594063452,0.012243924176344177,6.948680987891125e-5,9.403584983337684e-5,1.0
17.0,0.8559345454545454,0.050349090909090906,0.08581824063923615,0.00034651091183253733,-0.007743388838275995,-0.08581824063923615,-0.00034651091183253733,0.8013972243303202,0.003624119241879278,0.00922109251118204,6.948715132634855e-5,9.401528470833236e-5,1.0
18.0,0.9062836363636363,0.050349090909090906,0.08608826516645246,0.0003485375554023922,-0.007792753667505421,-0.08608826516645246,-0.0003485375554023922,0.8037470527397356,0.002748361318147945,0.006945162251481518,6.948746065722011e-5,9.399972139189738e-5,1.0
19.0,0.9566327272727272,0.050349090909090906,0.08629294948440931,0.0003500728667571063,-0.007830285693342922,-0.08629294948440931,-0.0003500728667571063,0.8055243259916305,0.0020832857856978135,0.005421942368670655,6.948772751556494e-5,9.398794603097709e-5,1.0
20.0,1.0069818181818182,0.050349090909090906,0.08644804185731955,0.0003512350064587533,-0.00785878958029423,-0.08644804185731955,-0.0003512350064587533,0.8068682492758125,0.0015785157228301314,0.00423245538376383,6.948795075146286e-5,9.39790386156443e-5,1.0
21.0,1.057330909090909,0.050349090909090906,0.08656551522532506,0.0003521141140247596,-0.007880417595851761,-0.08656551522532506,-0.0003521141140247596,0.8078842793572256,0.0011956182725749564,0.003293960234129443,6.948813363780787e-5,9.397230202918687e-5,1.0
22.0,1.10768,0.050349090909090906,0.08665446556245265,0.00035277878681280115,-0.007896816390100366,-0.08665446556245265,-0.00035277878681280115,0.8086522754659803,0.0009053068018713308,0.002556673824923062,6.948828126977473e-5,9.396720819995298e-5,1.0
23.0,1.158029090909091,0.050349090909090906,0.0867217987062301,0.0003532811320007458,-0.007909242813355628,-0.0867217987062301,-0.0003532811320007458,0.8092326915000118,0.0006852870177791531,0.0019796410074243596,6.948839915859415e-5,9.396335722012122e-5,1.0
24.0,1.2083781818181818,0.050349090909090906,0.08677275470928378,0.0003536606746398052,-0.007918654414386947,-0.08677275470928378,-0.0003536606746398052,0.8096712771021066,0.0005186026407666265,0.0015295323291676754,6.948849250407064e-5,9.396044633151519e-5,1.0
25.0,1.2587272727272727,0.050349090909090906,0.08681130764506288,0.00035394736309129294,-0.007925779643096952,-0.08681130764506288,-0.00035394736309129294,0.8100026445014441,0.0003923673649459541,0.0011794658224224222,6.948856595588922e-5,9.395824637620924e-5,1.0
26.0,1.3090763636363636,0.050349090909090906,0.08684047011588501,0.00035416387021692034,-0.007931172012155024,-0.08684047011588501,-0.00035416387021692034,0.8102529732750712,0.0002967946477670192,0.0009079217741331511,6.948862344875704e-5,9.395658396304057e-5,1.0
27.0,1.3594254545454545,0.050349090909090906,0.08686252495706091,0.00035432734955023537,-0.007935251708903577,-0.08686252495706091,-0.00035432734955023537,0.8104420603648038,0.0002244565347072913,0.0006977823677796177,6.948866825903778e-5,9.395532791341055e-5,1.0
28.0,1.4097745454545454,0.050349090909090906,0.08687920139701281,0.00035445077219307416,-0.007938337462766357,-0.08687920139701281,-0.00035445077219307416,0.8105848731530013,0.00016971821719951932,0.0005355053269767864,6.948870306934661e-5,9.39543790119539e-5,1.0
29.0,1.4601236363636363,0.050349090909090906,0.08689180889119022,0.00035454394260345235,-0.007940670889089493,-0.08689180889119022,-0.00035454394260345235,0.8106927255947795,0.00012830716217683932,0.00041042746122801275,6.948873003025533e-5,9.395366222775497e-5,1.0
30.0,1.5104727272727272,0.050349090909090906,0.08690133873494871,0.0003546142692785921,-0.00794243504915643,-0.08690133873494871,-0.0003546142692785921,0.8107741685812659,9.698511884139066e-5,0.000314186988055768,6.948875085414994e-5,9.395312084330498e-5,1.0
31.0,1.560821818181818,0.050349090909090906,0.08690854116960567,0.000354667348820254,-0.007943768578539765,-0.08690854116960567,-0.000354667348820254,0.8108356637582118,7.329865828933797e-5,0.0002402503975582884,6.948876690615351e-5,9.395271197448196e-5,1.0
32.0,1.611170909090909,0.050349090909090906,0.08691398386328328,0.00035470740818685677,-0.007944776428582715,-0.08691398386328328,-0.00035470740818685677,0.810882093324241,5.5389587610387324e-5,0.0001835288939461775,6.948877926746265e-5,9.395240321630401e-5,1.0
33.0,1.6615199999999999,0.050349090909090906,0.08691809624604742,0.00035473763933877565,-0.007945538024711386,-0.08691809624604742,-0.00035473763933877565,0.8109171456389651,4.185096381598461e-5,0.00014007007625785328,6.948878875456323e-5,9.395217007218691e-5,1.0
34.0,1.7118690909090908,0.050349090909090906,0.08692120310780228,0.0003547604523250704,-0.007946113457712482,-0.08692120310780228,-0.0003547604523250704,0.8109436068298137,3.161780377888512e-5,0.00010681185124039442,6.948879603984913e-5,9.395199404546088e-5,1.0
35.0,1.7622181818181817,0.050349090909090906,0.0869235500503557,0.00035477766660878257,-0.007946548179069625,-0.0869235500503557,-0.00035477766660878257,0.8109635812685994,2.3884172555966674e-5,8.138719561013665e-5,6.948880161626781e-5,9.395186114694447e-5,1.0
36.0,1.8125672727272726,0.050349090909090906,0.08692532276247986,0.00035479065565451805,-0.007946876559799391,-0.08692532276247986,-0.00035479065565451805,0.8109786582382312,1.8040312223096867e-5,6.197005732709426e-5,6.948880588603149e-5,9.395176082110613e-5,1.0
37.0,1.8629163636363635,0.050349090909090906,0.0869266616128541,0.0003548004561663934,-0.007947124586594509,-0.0869266616128541,-0.0003548004561663934,0.8109900379018059,1.3624986748742622e-5,4.715426853770973e-5,6.94888091495768e-5,9.395168508509848e-5,1.0
38.0,1.9132654545454544,0.050349090909090906,0.08692767269532051,0.0003548078506010298,-0.007947311903570517,-0.08692767269532051,-0.0003548078506010298,0.8109986264976624,1.0289373715626725e-5,3.5858767187877294e-5,6.948881163849415e-5,9.395162792370737e-5,1.0
39.0,1.9636145454545453,0.050349090909090906,0.08692843618691033,0.0003548134294827446,-0.007947453357906442,-0.08692843618691033,-0.0003548134294827446,0.8110051082685401,7.769714105892511e-6,2.7253663531748465e-5,6.948881354651405e-5,9.395158477431024e-5,1.0
40.0,2.0139636363636364,0.050349090909090906,0.08692901267102326,0.00035481763845815375,-0.007947560169569287,-0.08692901267102326,-0.00035481763845815375,0.8110099998042914,5.866602170914049e-6,2.0702740188134485e-5,6.94888149929074e-5,9.395155220722745e-5,1.0
