system,elements,mode,frequency_hz,error_vs_320_percent,successive_change_percent,published_error_percent
wing,16,OOP1,6.634028839188552,-0.0056138335637445635,NaN,0.060766805257195244
wing,16,IP1,20.803526450048675,-0.021141510666022878,NaN,-0.6042692305366693
wing,16,OOP2,36.40711044128264,-0.3107309045835449,NaN,-0.6898242190871651
wing,16,T1,42.87282214656273,-0.003013592679124155,NaN,-1.4417881688213008
wing,16,OOP3,92.79186683802034,-1.0765455350852715,NaN,-0.555281493923121
coupled,16,f1,5.907016650736827,0.030569703562233208,NaN,NaN
coupled,16,f2,7.95798727345988,0.0024332444948926835,NaN,NaN
coupled,16,f3,8.529976698226058,0.0022704587268052023,NaN,NaN
coupled,16,f4,19.408978455958895,-0.0011182656564856508,NaN,NaN
coupled,16,f5,35.175715087478956,-0.03227204228145597,NaN,NaN
coupled,16,f6,39.226269033745155,-0.22981905327529306,NaN,NaN
coupled,16,f7,91.47607075954076,-0.968856081601932,NaN,NaN
coupled,16,f8,108.0876288605248,-0.3796620286613206,NaN,NaN
coupled,16,f9,114.43300404250894,-0.149241278972001,NaN,NaN
coupled,16,f10,156.63029371574248,-0.14023156318826446,NaN,NaN
wing,20,OOP1,6.636152468095806,0.026395519149913227,0.032011149766320024,0.09279740717655915
wing,20,IP1,20.810309124245343,0.011455079403255297,0.03260348293812054,-0.5718627604140325
wing,20,OOP2,36.46820028502737,-0.14345583665724693,0.16779646339486476,-0.5231852563355788
wing,20,T1,42.90134247701977,0.06350750283670159,0.06652310025110353,-1.3762241907591566
wing,20,OOP3,93.25805981773512,-0.5795470203212472,0.5024071565761012,-0.0556641113116374
coupled,20,f1,5.907939375213294,0.046195299445561666,0.015620820644746125,NaN
coupled,20,f2,7.957966561992841,0.0021729780444790237,-0.00026026011763491397,NaN
coupled,20,f3,8.53076778331111,0.01154484568353098,0.009274176390383637,NaN
coupled,20,f4,19.41375338412517,0.023483105202504184,0.024601645970756536,NaN
coupled,20,f5,35.21309196158485,0.07395127608564867,0.10625760986788801,NaN
coupled,20,f6,39.26788226468049,-0.12397774635353187,0.10608511071887872,NaN
coupled,20,f7,91.92720275188394,-0.48046478004101223,0.49316940331756154,NaN
coupled,20,f8,108.25041520346934,-0.2296279251083666,0.15060589695663484,NaN
coupled,20,f9,114.6044303514421,0.0003401040821637835,0.1498049538833035,NaN
coupled,20,f10,156.97903858416356,0.08211100527590887,0.22265480077181543,NaN
wing,24,OOP1,6.636139626614156,0.026201960136806868,-0.00019350793567518565,0.09260371967052539
wing,24,IP1,20.810869479673997,0.014148069759478688,0.002692681907356942,-0.5691854769517612
wing,24,OOP2,36.485782112268176,-0.0953136060392934,0.048211392674679665,-0.4752260985592449
wing,24,T1,42.89387108529512,0.046081156276645,-0.017415286546451636,-1.3933998039192708
wing,24,OOP3,93.4085311739464,-0.41913267732257564,0.1613494388639003,0.10559551382103294
coupled,24,f1,5.907387881418059,0.036856196174461786,-0.009334791036419432,NaN
coupled,24,f2,7.95784577852592,0.0006551771015272934,-0.001517767962200267,NaN
coupled,24,f3,8.529908358543343,0.0014692697346552208,-0.0100744128734509,NaN
coupled,24,f4,19.413636267883525,0.022879699246658447,-0.0006032642906661501,NaN
coupled,24,f5,35.2012931417003,0.04041958487459585,-0.03350691242173243,NaN
coupled,24,f6,39.284224487971024,-0.08241206562652481,0.04161727688898331,NaN
coupled,24,f7,91.98841635613692,-0.41419550106774894,0.06658921670683604,NaN
coupled,24,f8,108.33478085122293,-0.15187125275848423,0.07793563432991757,NaN
coupled,24,f9,114.54512619026175,-0.05140690316211005,-0.051746831251187064,NaN
coupled,24,f10,156.90473105279344,0.03473617950178198,-0.047335957743355195,NaN
wing,30,OOP1,6.630494050422343,-0.05889352852334051,-0.08507319781475564,0.007451740910147109
wing,30,IP1,20.796050767337398,-0.05706860339699249,-0.07120659879719105,-0.639986778129964
wing,30,OOP2,36.470104759951035,-0.13824103902982943,-0.04296838771031819,-0.5179902892770372
wing,30,T1,42.8477364450203,-0.06152372638529302,-0.1075553199268886,-1.4994564482291861
wing,30,OOP3,93.52211626122515,-0.2980420085797353,0.12160033548458404,0.2273242538046727
coupled,30,f1,5.9028666304815705,-0.03970754719898606,-0.07653553528642609,NaN
coupled,30,f2,7.957831452940902,0.0004751575425343546,-0.00018001837954750854,NaN
coupled,30,f3,8.528824065136979,-0.011242582397663625,-0.012711665363651647,NaN
coupled,30,f4,19.39933777765552,-0.05078894006551593,-0.07365178800459171,NaN
coupled,30,f5,35.15803333590627,-0.08252274867474041,-0.12289266084598571,NaN
coupled,30,f6,39.27964569473209,-0.09405801211134213,-0.011655552066036634,NaN
coupled,30,f7,92.09443170396479,-0.299424270940285,0.11524858457985232,NaN
coupled,30,f8,108.36857246210113,-0.1207267847766258,0.03119183941915349,NaN
coupled,30,f9,114.52226193066858,-0.07135756064136078,-0.019960918769423852,NaN
coupled,30,f10,156.74650753083824,-0.06613935286730044,-0.10084050423052604,NaN
wing,32,OOP1,6.636517505084071,0.0318977034868162,0.09084473367928503,0.09830324410362579
wing,32,IP1,20.81284351044722,0.023634987460829926,0.08074967356876961,-0.5597538917954115
wing,32,OOP2,36.514307963577124,-0.017204653341718057,0.1212039392731068,-0.3974141746395876
wing,32,T1,42.905019391401396,0.07208357362074036,0.1336895507994873,-1.3677715140197777
wing,32,OOP3,93.61634243582002,-0.1975894688306501,0.10075282549388831,0.3283061149073063
coupled,32,f1,5.907446242606061,0.03784449589148142,0.07758284933698789,NaN
coupled,32,f2,7.9579039736074115,0.0013864737915092462,0.0009113119188164376,NaN
coupled,32,f3,8.530815918827875,0.012109168557605798,0.023354376590289938,NaN
coupled,32,f4,19.41465317377889,0.02811899881083324,0.07894803574692855,NaN
coupled,32,f5,35.22000919402654,0.09360972536609502,0.17627794344508008,NaN
coupled,32,f6,39.30615632867698,-0.026629454391047247,0.06749203939089288,NaN
coupled,32,f7,92.2429848405388,-0.1386020261123222,0.1613052318423902,NaN
coupled,32,f8,108.41373009301464,-0.07910667985793207,0.0416704122676359,NaN
coupled,32,f9,114.67194788668552,0.059253851715013184,0.13070468002767122,NaN
coupled,32,f10,157.0107845038648,0.10235064165131647,0.1686015064639168,NaN
wing,36,OOP1,6.636681042386588,0.03436269309975426,0.0024642035885813485,0.10076987008427185
wing,36,IP1,20.813224302984292,0.025465023501558548,0.0018296036141451921,-0.5579345294587146
wing,36,OOP2,36.50816206521224,-0.03403323733269792,-0.016831479788737003,-0.4141787637418348
wing,36,T1,42.886931693376326,0.029895651226241604,-0.042157533737641195,-1.4093524290199388
wing,36,OOP3,93.6348480180616,-0.1778610574450057,0.01976746982426114,0.34813848254378055
coupled,36,f1,5.90733095650323,0.035892218586908164,-0.0019515387545743224,NaN
coupled,36,f2,7.957840823482366,0.0005929105515445343,-0.00079355223756572,NaN
coupled,36,f3,8.530319246998792,0.006286372981678667,-0.005822090569163052,NaN
coupled,36,f4,19.41484536240492,0.029109192484799706,0.0009899153196935018,NaN
coupled,36,f5,35.198905953974084,0.033635309626611765,-0.05991832635874328,NaN
coupled,36,f6,39.305499473759745,-0.02830013415646704,-0.0016711247768363968,NaN
coupled,36,f7,92.2167749665529,-0.16697659206414972,-0.02841394825980892,NaN
coupled,36,f8,108.43428557935152,-0.06016145441785081,0.018960224243969037,NaN
coupled,36,f9,114.61001244032069,0.0052108650522075806,-0.05401098307498131,NaN
coupled,36,f10,156.91565164338226,0.04169861072451653,-0.0605900166559592,NaN
wing,40,OOP1,6.6362146531224795,0.027332830958726184,-0.007027447320873126,0.09373534121386307
wing,40,IP1,20.81251199128139,0.022041752398171965,-0.0034223995885152014,-0.5613378342981812
wing,40,OOP2,36.52306487264507,0.006773351337518996,0.04082048120146453,-0.37352735230475886
wing,40,T1,42.90234916932834,0.06585552174602771,0.035949123295275776,-1.373909955567032
wing,40,OOP3,93.69692511722721,-0.11168196975251954,0.06629700424529705,0.4146662921736155
coupled,40,f1,5.9069768638911,0.02989594537261553,-0.005994121790997564,NaN
coupled,40,f2,7.957854526484145,0.0007651065445202221,0.00017219497201459433,NaN
coupled,40,f3,8.530436745371073,0.0076638801448369875,0.001377420573356325,NaN
coupled,40,f4,19.414038205574194,0.0249505614347445,-0.004157420858430516,NaN
coupled,40,f5,35.21644841335949,0.08349015417457029,0.049838081354969255,NaN
coupled,40,f6,39.311733380412925,-0.01244448410069321,0.015860138496237575,NaN
coupled,40,f7,92.29830175218116,-0.07871645174855058,0.0884077605813216,NaN
coupled,40,f8,108.44673686383932,-0.048685569694240094,0.011482792938855013,NaN
coupled,40,f9,114.65118568836654,0.04113738896711627,0.03592465192976402,NaN
coupled,40,f10,156.99044386179784,0.08938244911027571,0.04766396317530397,NaN
wing,48,OOP1,6.635714244337104,0.019790194268587413,-0.007540575637343672,0.08618769739221488
wing,48,IP1,20.811274408140385,0.016094099723984456,-0.005946341996221349,-0.5672507972270147
wing,48,OOP2,36.52233899474144,0.00478576603375469,-0.0019874506867467723,-0.375507379319584
wing,48,T1,42.89208046028806,0.04190468513416423,-0.023935074043968108,-1.3975161832458505
wing,48,OOP3,93.72313950109213,-0.08373536735131193,0.02797784861363617,0.4427601554947369
coupled,48,f1,5.906481249912552,0.021503121793720048,-0.008390315214834576,NaN
coupled,48,f2,7.957836189282569,0.0005346758195745593,-0.00023042896192260187,NaN
coupled,48,f3,8.530205132289831,0.004948534627313705,-0.0027151374326517264,NaN
coupled,48,f4,19.412705200778188,0.01808265804406073,-0.006866190237653225,NaN
coupled,48,f5,35.208038794568004,0.05959041307521673,-0.023879803814319533,NaN
coupled,48,f6,39.31349415016123,-0.007966048584862051,0.004478992903389489,NaN
coupled,48,f7,92.31003736429842,-0.06601158715494604,0.012714873290708972,NaN
coupled,48,f8,108.4664962271316,-0.03047410118459659,0.018220339185570644,NaN
coupled,48,f9,114.65242023148016,0.04221461373805635,0.0010767818110268834,NaN
coupled,48,f10,156.9360133897653,0.0546802583390571,-0.03467120080281605,NaN
wing,60,OOP1,6.632993684908782,-0.0212166624483201,-0.04099874298602035,0.04515361853367761
wing,60,IP1,20.80377889147743,-0.01992831222377145,-0.036016615397760354,-0.6030631080867987
wing,60,OOP2,36.50563843467887,-0.040943395274073424,-0.045726972921888986,-0.4210626440838139
wing,60,T1,42.86372323116994,-0.024235991236043475,-0.066112971937482,-1.4627052157012876
wing,60,OOP3,93.7311652376825,-0.07517929864401252,0.008563239167069803,0.45136130927285745
coupled,60,f1,5.904344122578488,-0.014687408451163897,-0.03618274982412073,NaN
coupled,60,f2,7.957827819734419,0.00042950159004906396,-0.0001051736671975334,NaN
coupled,60,f3,8.529617996502536,-0.0019348267081720216,-0.006883020726822231,NaN
coupled,60,f4,19.405630371486424,-0.01836825663148467,-0.03644432457295954,NaN
coupled,60,f5,35.177601374573726,-0.026911303070586978,-0.08645020011445181,NaN
coupled,60,f6,39.3076988568344,-0.02270610615598967,-0.014741231864812132,NaN
coupled,60,f7,92.30770436650536,-0.06853726888009781,-0.00252735006904814,NaN
coupled,60,f8,108.46868744508764,-0.02845453728398395,0.002020179532169486,NaN
coupled,60,f9,114.60917469337946,0.004479872552276554,-0.03771881833231072,NaN
coupled,60,f10,156.81367348616897,-0.02331764458183283,-0.07795527677416647,NaN
wing,80,OOP1,6.6358187352673745,0.02136518085449346,0.04259087966600461,0.08776372952299383
wing,80,IP1,20.81170014104356,0.01814011292193829,0.03807601305247932,-0.565216717422079
wing,80,OOP2,36.525691550982486,0.01396567284921435,0.05493155896860724,-0.3663623813898287
wing,80,T1,42.88709588976133,0.03027862446798313,0.054527831064365984,-1.4089749660659012
wing,80,OOP3,93.78645124332161,-0.016240052697658047,0.05898358939517845,0.5106111277693781
coupled,80,f1,5.906408133094806,0.02026494737057405,0.03495749017110583,NaN
coupled,80,f2,7.95783584557628,0.0005303567042203028,0.00010085468098441908,NaN
coupled,80,f3,8.530339952102326,0.006529111905440033,0.008464102379335259,NaN
coupled,80,f4,19.41281740878373,0.01866077580030545,0.0370358352690614,NaN
coupled,80,f5,35.201121035193744,0.03993046627717156,0.06685976218099299,NaN
coupled,80,f6,39.319512255439705,0.007340720765869335,0.0300536509357352,NaN
coupled,80,f7,92.37312799056114,0.002289738398797425,0.07087558346812184,NaN
coupled,80,f8,108.49307139202196,-0.005980762437773901,0.02248017147499226,NaN
coupled,80,f9,114.64941075534242,0.039588636396814536,0.035107191087102585,NaN
coupled,80,f10,156.9143507445568,0.04086922164283635,0.06420183658073508,NaN
wing,120,OOP1,6.633619623159019,-0.011781926388565456,-0.03314002681640282,0.05459461778309915
wing,120,IP1,20.805708070807576,-0.010656944327946949,-0.028791834378616432,-0.5938458155395288
wing,120,OOP2,36.51433746756689,-0.017123866068591287,-0.031085197660796204,-0.3973336945802153
wing,120,T1,42.867661558053875,-0.015050199394905928,-0.04531510307299591,-1.453651590680749
wing,120,OOP3,93.780478918885,-0.022607021965415086,-0.006368003434864544,0.5042106086003528
coupled,120,f1,5.904693751880648,-0.008766717796637735,-0.029025783107528014,NaN
coupled,120,f2,7.957817727493928,0.0003026794965554913,-0.00022767600016404543,NaN
coupled,120,f3,8.529742056234673,-0.0004803966053623654,-0.007009050882034185,NaN
coupled,120,f4,19.407204534311482,-0.010257859552587067,-0.028913239918015865,NaN
coupled,120,f5,35.181666306799876,-0.01535895685843558,-0.05526735462321186,NaN
coupled,120,f6,39.313915273235125,-0.006894941739432614,-0.014234617581776465,NaN
coupled,120,f7,92.35424244879347,-0.01815557357450759,-0.020444843839872995,NaN
coupled,120,f8,108.49156310278273,-0.0073708963999497,-0.0013902171077551095,NaN
coupled,120,f9,114.6146128023239,0.009225001011103906,-0.03035161959338284,NaN
coupled,120,f10,156.8259825155002,-0.01547001313367824,-0.056316218776231164,NaN
wing,160,OOP1,6.634761082300088,0.005423230373935439,0.01720718410027633,0.07181119607975184
wing,160,IP1,20.808943470581287,0.004891937584394768,0.01555053912465354,-0.5783876226407636
wing,160,OOP2,36.52375995260344,0.008676606283408717,0.025804891146985476,-0.3716313349605982
wing,160,T1,42.87980630928274,0.013276336222500795,0.028330799459208578,-1.425732622338527
wing,160,OOP3,93.80210371597029,0.00044671865513379316,0.023058953563248608,0.5273858278536991
coupled,160,f1,5.905513253967747,0.005110890053949824,0.013878824567958858,NaN
coupled,160,f2,7.957805109681436,0.00014412031468236108,-0.00015855870194592114,NaN
coupled,160,f3,8.529887668961244,0.001226712778401584,0.0017071175846927744,NaN
coupled,160,f4,19.410164208188608,0.00499096349508843,0.015250387410992161,NaN
coupled,160,f5,35.19319190546264,0.01739625248993182,0.032760240979645694,NaN
coupled,160,f6,39.3181025316713,0.0037551542839464602,0.010650830391911725,NaN
coupled,160,f7,92.37469405890471,0.003985149430674184,0.02214474351038831,NaN
coupled,160,f8,108.49951538829498,-4.157130765181094e-5,0.007329865369087862,NaN
coupled,160,f9,114.62182633478861,0.015519310032230393,0.00629372842462228,NaN
coupled,160,f10,156.8757647958784,0.016268719348344618,0.031743643227799545,NaN
wing,240,OOP1,6.633764895463071,-0.009592244187484056,-0.015014660281809089,0.056785753590826715
wing,240,IP1,20.806185929603313,-0.008360421330677603,-0.01325171064966435,-0.5915626870362511
wing,240,OOP2,36.51651593423953,-0.0111588293570275,-0.019833714747097275,-0.3913913414088088
wing,240,T1,42.868649379032576,-0.012746196158486267,-0.026019078000716345,-1.451380737856145
wing,240,OOP3,93.79290760985836,-0.009357056343872738,-0.009803731203916755,0.5175303931608255
coupled,240,f1,5.904739149306006,-0.007997948959481693,-0.013108169069320219,NaN
coupled,240,f2,7.957794652970776,1.2718180730786344e-5,-0.00013140194458083343,NaN
coupled,240,f3,8.529628928272894,-0.0018066667032079486,-0.003033342271219208,NaN
coupled,240,f4,19.407599588970154,-0.00822246010172556,-0.013212764152570333,NaN
coupled,240,f5,35.18154161612748,-0.015713321885146847,-0.03310381555174935,NaN
coupled,240,f6,39.31401568513008,-0.006639548780174032,-0.010394312741635048,NaN
coupled,240,f7,92.36005004146203,-0.011868327734099182,-0.01585284540519538,NaN
coupled,240,f8,108.49504467258649,-0.0041620633061234535,-0.004120493711412543,NaN
coupled,240,f9,114.58878453913033,-0.013311955856398772,-0.028826792169378557,NaN
coupled,240,f10,156.82682607889814,-0.014932198617834125,-0.031195842802078655,NaN
wing,320,OOP1,6.634401283434555,0.0,0.009593164387222686,0.06638436552874882
wing,320,IP1,20.80792555985029,0.0,0.008361120355560026,-0.5832510279489278
wing,320,OOP2,36.52059120469224,0.0,0.011160074690708122,-0.3802749462841204
wing,320,T1,42.87411419772943,0.0,0.012747821020764327,-1.4388179362541775
wing,320,OOP3,93.80168468634596,0.0,0.009357931970832567,0.5269367552737769
coupled,320,f1,5.905211445103335,0.0,0.0079985886825229,NaN
coupled,320,f2,7.957793640884199,0.0,-1.2718179109860728e-5,NaN
coupled,320,f3,8.529783033022808,0.0,0.0018066993442422685,NaN
coupled,320,f4,19.409195502326398,0.0,0.008223136245821827,NaN
coupled,320,f5,35.18707067380441,0.0,0.015715791358039688,NaN
coupled,320,f6,39.316626131700815,0.0,0.006639989645540467,NaN
coupled,320,f7,92.37101293600858,0.0,0.011869736473313353,NaN
coupled,320,f8,108.49956049298108,0.0,0.004162236541049857,NaN
coupled,320,f9,114.60404057842177,0.0,0.013313728174013661,NaN
coupled,320,f10,156.85024726935296,0.0,0.014934428656387944,NaN
